{
  "project_info": {
    "project_number": "306381602626",
    "project_id": "tubespemob24",
    "storage_bucket": "tubespemob24.appspot.com"
  },
  "client": [
    {
      "client_info": {
        "mobilesdk_app_id": "1:306381602626:android:c11682f6a2e2253dd212db",
        "android_client_info": {
          "package_name": "com.mycompany.tubespemob"
        }
      },
      "oauth_client": [
        {
          "client_id": "306381602626-5vpm0t2m2tlo9dfhtjcohgqdpk7jshgq.apps.googleusercontent.com",
          "client_type": 1,
          "android_info": {
            "package_name": "com.mycompany.tubespemob",
            "certificate_hash": "9bbb3186b2189ef16d8f272bdab59362c395cbb4"
          }
        },
        {
          "client_id": "306381602626-5hl0e7424sae4qn9rfim35m9l64epgob.apps.googleusercontent.com",
          "client_type": 3
        }
      ],
      "api_key": [
        {
          "current_key": "AIzaSyBMES0ZjObE7GpK6HmJ_r5-dssGQ5LcRyY"
        }
      ],
      "services": {
        "appinvite_service": {
          "other_platform_oauth_client": [
            {
              "client_id": "306381602626-5hl0e7424sae4qn9rfim35m9l64epgob.apps.googleusercontent.com",
              "client_type": 3
            },
            {
              "client_id": "306381602626-nbdv9kvtu2k8f40s8jm5vbdh5mmj241d.apps.googleusercontent.com",
              "client_type": 2,
              "ios_info": {
                "bundle_id": "com.mycompany.tubespemob"
              }
            }
          ]
        }
      }
    }
  ],
  "configuration_version": "1"
}